País de residencia;Tipo de dato;Periodo;Total
Alemania;Dato base;2022M12;453.940
Alemania;Dato base;2022M11;526.060
Alemania;Dato base;2022M10;1.059.486
Alemania;Dato base;2022M09;1.141.699
Alemania;Dato base;2022M08;1.111.063
Alemania;Dato base;2022M07;1.097.080
Alemania;Dato base;2022M06;1.132.151
Alemania;Dato base;2022M05;976.860
Alemania;Dato base;2022M04;990.455
Alemania;Dato base;2022M03;608.382
Alemania;Dato base;2022M02;389.420
Alemania;Dato base;2022M01;282.002
Alemania;Dato base;2021M12;404.430
Alemania;Dato base;2021M11;480.277
Alemania;Dato base;2021M10;929.665
Alemania;Dato base;2021M09;833.147
Alemania;Dato base;2021M08;679.144
Alemania;Dato base;2021M07;707.397
Alemania;Dato base;2021M06;500.058
Alemania;Dato base;2021M05;338.709
Alemania;Dato base;2021M04;143.500
Alemania;Dato base;2021M03;104.567
Alemania;Dato base;2021M02;36.877
Alemania;Dato base;2021M01;51.123
Alemania;Dato base;2020M12;82.722
Alemania;Dato base;2020M11;76.410
Alemania;Dato base;2020M10;83.329
Alemania;Dato base;2020M09;88.109
Alemania;Dato base;2020M08;296.447
Alemania;Dato base;2020M07;430.014
Alemania;Dato base;2020M06;34.547
Alemania;Dato base;2020M05;0
Alemania;Dato base;2020M04;0
Alemania;Dato base;2020M03;273.067
Alemania;Dato base;2020M02;533.079
Alemania;Dato base;2020M01;493.713
Alemania;Dato base;2019M12;495.062
Alemania;Dato base;2019M11;569.008
Alemania;Dato base;2019M10;1.126.442
Alemania;Dato base;2019M09;1.265.644
Alemania;Dato base;2019M08;1.130.065
Alemania;Dato base;2019M07;1.243.087
Alemania;Dato base;2019M06;1.295.337
Alemania;Dato base;2019M05;1.085.570
Alemania;Dato base;2019M04;1.072.814
Alemania;Dato base;2019M03;809.144
Alemania;Dato base;2019M02;548.064
Alemania;Dato base;2019M01;517.785
Alemania;Dato base;2018M12;537.026
Alemania;Dato base;2018M11;575.223
Alemania;Dato base;2018M10;1.229.193
Alemania;Dato base;2018M09;1.363.598
Alemania;Dato base;2018M08;1.261.896
Alemania;Dato base;2018M07;1.281.415
Alemania;Dato base;2018M06;1.206.593
Alemania;Dato base;2018M05;1.180.827
Alemania;Dato base;2018M04;917.613
Alemania;Dato base;2018M03;823.232
Alemania;Dato base;2018M02;536.034
Alemania;Dato base;2018M01;502.305
Bélgica;Dato base;2022M12;133.634
Bélgica;Dato base;2022M11;141.745
Bélgica;Dato base;2022M10;221.570
Bélgica;Dato base;2022M09;281.751
Bélgica;Dato base;2022M08;302.063
Bélgica;Dato base;2022M07;421.294
Bélgica;Dato base;2022M06;213.015
Bélgica;Dato base;2022M05;199.090
Bélgica;Dato base;2022M04;230.930
Bélgica;Dato base;2022M03;144.268
Bélgica;Dato base;2022M02;120.461
Bélgica;Dato base;2022M01;103.568
Bélgica;Dato base;2021M12;131.835
Bélgica;Dato base;2021M11;150.687
Bélgica;Dato base;2021M10;207.983
Bélgica;Dato base;2021M09;236.285
Bélgica;Dato base;2021M08;238.814
Bélgica;Dato base;2021M07;257.589
Bélgica;Dato base;2021M06;102.035
Bélgica;Dato base;2021M05;69.112
Bélgica;Dato base;2021M04;24.223
Bélgica;Dato base;2021M03;12.509
Bélgica;Dato base;2021M02;9.049
Bélgica;Dato base;2021M01;23.971
Bélgica;Dato base;2020M12;37.902
Bélgica;Dato base;2020M11;27.709
Bélgica;Dato base;2020M10;39.997
Bélgica;Dato base;2020M09;39.491
Bélgica;Dato base;2020M08;118.043
Bélgica;Dato base;2020M07;153.256
Bélgica;Dato base;2020M06;10.225
Bélgica;Dato base;2020M05;0
Bélgica;Dato base;2020M04;0
Bélgica;Dato base;2020M03;65.045
Bélgica;Dato base;2020M02;133.042
Bélgica;Dato base;2020M01;118.701
Bélgica;Dato base;2019M12;129.864
Bélgica;Dato base;2019M11;139.559
Bélgica;Dato base;2019M10;183.385
Bélgica;Dato base;2019M09;267.754
Bélgica;Dato base;2019M08;306.038
Bélgica;Dato base;2019M07;385.358
Bélgica;Dato base;2019M06;245.796
Bélgica;Dato base;2019M05;204.034
Bélgica;Dato base;2019M04;242.254
Bélgica;Dato base;2019M03;178.684
Bélgica;Dato base;2019M02;122.700
Bélgica;Dato base;2019M01;120.461
Bélgica;Dato base;2018M12;115.299
Bélgica;Dato base;2018M11;138.519
Bélgica;Dato base;2018M10;196.418
Bélgica;Dato base;2018M09;258.322
Bélgica;Dato base;2018M08;298.838
Bélgica;Dato base;2018M07;397.051
Bélgica;Dato base;2018M06;226.520
Bélgica;Dato base;2018M05;213.616
Bélgica;Dato base;2018M04;249.303
Bélgica;Dato base;2018M03;156.116
Bélgica;Dato base;2018M02;123.761
Bélgica;Dato base;2018M01;131.383
Francia;Dato base;2022M12;662.604
Francia;Dato base;2022M11;589.080
Francia;Dato base;2022M10;915.762
Francia;Dato base;2022M09;915.947
Francia;Dato base;2022M08;1.647.034
Francia;Dato base;2022M07;1.421.122
Francia;Dato base;2022M06;869.316
Francia;Dato base;2022M05;929.452
Francia;Dato base;2022M04;826.837
Francia;Dato base;2022M03;457.400
Francia;Dato base;2022M02;514.035
Francia;Dato base;2022M01;347.451
Francia;Dato base;2021M12;530.562
Francia;Dato base;2021M11;498.667
Francia;Dato base;2021M10;752.882
Francia;Dato base;2021M09;689.153
Francia;Dato base;2021M08;1.292.411
Francia;Dato base;2021M07;875.875
Francia;Dato base;2021M06;438.734
Francia;Dato base;2021M05;330.343
Francia;Dato base;2021M04;115.683
Francia;Dato base;2021M03;105.698
Francia;Dato base;2021M02;74.937
Francia;Dato base;2021M01;117.726
Francia;Dato base;2020M12;163.841
Francia;Dato base;2020M11;61.360
Francia;Dato base;2020M10;381.401
Francia;Dato base;2020M09;390.674
Francia;Dato base;2020M08;865.789
Francia;Dato base;2020M07;596.334
Francia;Dato base;2020M06;67.859
Francia;Dato base;2020M05;0
Francia;Dato base;2020M04;0
Francia;Dato base;2020M03;286.821
Francia;Dato base;2020M02;592.609
Francia;Dato base;2020M01;481.062
Francia;Dato base;2019M12;552.553
Francia;Dato base;2019M11;574.259
Francia;Dato base;2019M10;893.084
Francia;Dato base;2019M09;984.031
Francia;Dato base;2019M08;2.019.857
Francia;Dato base;2019M07;1.436.108
Francia;Dato base;2019M06;958.217
Francia;Dato base;2019M05;1.020.302
Francia;Dato base;2019M04;1.019.617
Francia;Dato base;2019M03;676.480
Francia;Dato base;2019M02;566.827
Francia;Dato base;2019M01;446.062
Francia;Dato base;2018M12;553.866
Francia;Dato base;2018M11;477.488
Francia;Dato base;2018M10;910.512
Francia;Dato base;2018M09;1.043.434
Francia;Dato base;2018M08;2.114.381
Francia;Dato base;2018M07;1.388.735
Francia;Dato base;2018M06;895.721
Francia;Dato base;2018M05;1.146.661
Francia;Dato base;2018M04;1.080.895
Francia;Dato base;2018M03;647.445
Francia;Dato base;2018M02;545.120
Francia;Dato base;2018M01;489.063
Irlanda;Dato base;2022M12;105.208
Irlanda;Dato base;2022M11;124.203
Irlanda;Dato base;2022M10;217.518
Irlanda;Dato base;2022M09;233.272
Irlanda;Dato base;2022M08;230.202
Irlanda;Dato base;2022M07;279.865
Irlanda;Dato base;2022M06;241.699
Irlanda;Dato base;2022M05;209.181
Irlanda;Dato base;2022M04;188.898
Irlanda;Dato base;2022M03;109.307
Irlanda;Dato base;2022M02;79.901
Irlanda;Dato base;2022M01;70.208
Irlanda;Dato base;2021M12;61.658
Irlanda;Dato base;2021M11;78.871
Irlanda;Dato base;2021M10;141.892
Irlanda;Dato base;2021M09;130.196
Irlanda;Dato base;2021M08;111.001
Irlanda;Dato base;2021M07;62.202
Irlanda;Dato base;2021M06;15.764
Irlanda;Dato base;2021M05;8.064
Irlanda;Dato base;2021M04;5.459
Irlanda;Dato base;2021M03;4.061
Irlanda;Dato base;2021M02;3.810
Irlanda;Dato base;2021M01;8.336
Irlanda;Dato base;2020M12;12.596
Irlanda;Dato base;2020M11;8.448
Irlanda;Dato base;2020M10;15.056
Irlanda;Dato base;2020M09;15.930
Irlanda;Dato base;2020M08;25.569
Irlanda;Dato base;2020M07;31.137
Irlanda;Dato base;2020M06;.
Irlanda;Dato base;2020M05;0
Irlanda;Dato base;2020M04;0
Irlanda;Dato base;2020M03;38.104
Irlanda;Dato base;2020M02;96.119
Irlanda;Dato base;2020M01;85.670
Irlanda;Dato base;2019M12;83.633
Irlanda;Dato base;2019M11;94.334
Irlanda;Dato base;2019M10;195.168
Irlanda;Dato base;2019M09;253.182
Irlanda;Dato base;2019M08;266.927
Irlanda;Dato base;2019M07;286.096
Irlanda;Dato base;2019M06;282.177
Irlanda;Dato base;2019M05;237.509
Irlanda;Dato base;2019M04;173.919
Irlanda;Dato base;2019M03;124.441
Irlanda;Dato base;2019M02;90.556
Irlanda;Dato base;2019M01;89.650
Irlanda;Dato base;2018M12;93.838
Irlanda;Dato base;2018M11;85.430
Irlanda;Dato base;2018M10;197.182
Irlanda;Dato base;2018M09;236.984
Irlanda;Dato base;2018M08;222.755
Irlanda;Dato base;2018M07;268.390
Irlanda;Dato base;2018M06;269.507
Irlanda;Dato base;2018M05;229.976
Irlanda;Dato base;2018M04;164.830
Irlanda;Dato base;2018M03;118.310
Irlanda;Dato base;2018M02;85.754
Irlanda;Dato base;2018M01;80.430
Italia;Dato base;2022M12;257.314
Italia;Dato base;2022M11;264.514
Italia;Dato base;2022M10;356.677
Italia;Dato base;2022M09;401.483
Italia;Dato base;2022M08;640.666
Italia;Dato base;2022M07;471.298
Italia;Dato base;2022M06;403.785
Italia;Dato base;2022M05;357.729
Italia;Dato base;2022M04;298.122
Italia;Dato base;2022M03;235.869
Italia;Dato base;2022M02;166.835
Italia;Dato base;2022M01;156.847
Italia;Dato base;2021M12;196.774
Italia;Dato base;2021M11;211.377
Italia;Dato base;2021M10;217.969
Italia;Dato base;2021M09;237.310
Italia;Dato base;2021M08;309.752
Italia;Dato base;2021M07;220.126
Italia;Dato base;2021M06;134.073
Italia;Dato base;2021M05;62.693
Italia;Dato base;2021M04;40.255
Italia;Dato base;2021M03;30.609
Italia;Dato base;2021M02;19.660
Italia;Dato base;2021M01;22.824
Italia;Dato base;2020M12;24.875
Italia;Dato base;2020M11;21.115
Italia;Dato base;2020M10;37.782
Italia;Dato base;2020M09;59.535
Italia;Dato base;2020M08;136.812
Italia;Dato base;2020M07;103.190
Italia;Dato base;2020M06;11.355
Italia;Dato base;2020M05;0
Italia;Dato base;2020M04;0
Italia;Dato base;2020M03;62.417
Italia;Dato base;2020M02;255.313
Italia;Dato base;2020M01;235.011
Italia;Dato base;2019M12;305.220
Italia;Dato base;2019M11;294.195
Italia;Dato base;2019M10;323.855
Italia;Dato base;2019M09;431.263
Italia;Dato base;2019M08;671.330
Italia;Dato base;2019M07;481.829
Italia;Dato base;2019M06;405.887
Italia;Dato base;2019M05;403.175
Italia;Dato base;2019M04;388.321
Italia;Dato base;2019M03;320.311
Italia;Dato base;2019M02;263.903
Italia;Dato base;2019M01;245.224
Italia;Dato base;2018M12;297.914
Italia;Dato base;2018M11;287.656
Italia;Dato base;2018M10;324.470
Italia;Dato base;2018M09;467.229
Italia;Dato base;2018M08;636.112
Italia;Dato base;2018M07;490.594
Italia;Dato base;2018M06;420.236
Italia;Dato base;2018M05;342.494
Italia;Dato base;2018M04;347.141
Italia;Dato base;2018M03;283.169
Italia;Dato base;2018M02;233.046
Italia;Dato base;2018M01;259.393
Países Bajos;Dato base;2022M12;166.830
Países Bajos;Dato base;2022M11;187.890
Países Bajos;Dato base;2022M10;351.388
Países Bajos;Dato base;2022M09;415.211
Países Bajos;Dato base;2022M08;526.669
Países Bajos;Dato base;2022M07;559.885
Países Bajos;Dato base;2022M06;385.829
Países Bajos;Dato base;2022M05;421.683
Países Bajos;Dato base;2022M04;318.612
Países Bajos;Dato base;2022M03;222.929
Países Bajos;Dato base;2022M02;180.896
Países Bajos;Dato base;2022M01;185.268
Países Bajos;Dato base;2021M12;147.840
Países Bajos;Dato base;2021M11;172.807
Países Bajos;Dato base;2021M10;366.856
Países Bajos;Dato base;2021M09;361.606
Países Bajos;Dato base;2021M08;414.900
Países Bajos;Dato base;2021M07;292.840
Países Bajos;Dato base;2021M06;147.337
Países Bajos;Dato base;2021M05;72.196
Países Bajos;Dato base;2021M04;26.989
Países Bajos;Dato base;2021M03;18.160
Países Bajos;Dato base;2021M02;11.409
Países Bajos;Dato base;2021M01;15.914
Países Bajos;Dato base;2020M12;21.366
Países Bajos;Dato base;2020M11;18.346
Países Bajos;Dato base;2020M10;35.237
Países Bajos;Dato base;2020M09;33.789
Países Bajos;Dato base;2020M08;151.213
Países Bajos;Dato base;2020M07;191.104
Países Bajos;Dato base;2020M06;13.128
Países Bajos;Dato base;2020M05;0
Países Bajos;Dato base;2020M04;0
Países Bajos;Dato base;2020M03;95.360
Países Bajos;Dato base;2020M02;195.975
Países Bajos;Dato base;2020M01;162.843
Países Bajos;Dato base;2019M12;163.930
Países Bajos;Dato base;2019M11;182.139
Países Bajos;Dato base;2019M10;337.848
Países Bajos;Dato base;2019M09;375.562
Países Bajos;Dato base;2019M08;454.867
Países Bajos;Dato base;2019M07;508.260
Países Bajos;Dato base;2019M06;395.792
Países Bajos;Dato base;2019M05;426.675
Países Bajos;Dato base;2019M04;296.074
Países Bajos;Dato base;2019M03;221.834
Países Bajos;Dato base;2019M02;168.722
Países Bajos;Dato base;2019M01;152.557
Países Bajos;Dato base;2018M12;153.905
Países Bajos;Dato base;2018M11;166.221
Países Bajos;Dato base;2018M10;376.098
Países Bajos;Dato base;2018M09;382.511
Países Bajos;Dato base;2018M08;502.545
Países Bajos;Dato base;2018M07;537.542
Países Bajos;Dato base;2018M06;404.676
Países Bajos;Dato base;2018M05;446.583
Países Bajos;Dato base;2018M04;324.884
Países Bajos;Dato base;2018M03;227.053
Países Bajos;Dato base;2018M02;172.552
Países Bajos;Dato base;2018M01;160.700
Países Nórdicos;Dato base;2022M12;308.131
Países Nórdicos;Dato base;2022M11;363.681
Países Nórdicos;Dato base;2022M10;482.246
Países Nórdicos;Dato base;2022M09;381.768
Países Nórdicos;Dato base;2022M08;308.597
Países Nórdicos;Dato base;2022M07;577.936
Países Nórdicos;Dato base;2022M06;382.829
Países Nórdicos;Dato base;2022M05;345.792
Países Nórdicos;Dato base;2022M04;388.057
Países Nórdicos;Dato base;2022M03;295.894
Países Nórdicos;Dato base;2022M02;248.322
Países Nórdicos;Dato base;2022M01;207.972
Países Nórdicos;Dato base;2021M12;241.406
Países Nórdicos;Dato base;2021M11;285.256
Países Nórdicos;Dato base;2021M10;371.608
Países Nórdicos;Dato base;2021M09;235.910
Países Nórdicos;Dato base;2021M08;174.888
Países Nórdicos;Dato base;2021M07;297.318
Países Nórdicos;Dato base;2021M06;111.756
Países Nórdicos;Dato base;2021M05;42.166
Países Nórdicos;Dato base;2021M04;26.846
Países Nórdicos;Dato base;2021M03;21.267
Países Nórdicos;Dato base;2021M02;11.824
Países Nórdicos;Dato base;2021M01;19.409
Países Nórdicos;Dato base;2020M12;20.348
Países Nórdicos;Dato base;2020M11;18.036
Países Nórdicos;Dato base;2020M10;51.090
Países Nórdicos;Dato base;2020M09;35.833
Países Nórdicos;Dato base;2020M08;47.819
Países Nórdicos;Dato base;2020M07;94.344
Países Nórdicos;Dato base;2020M06;4.736
Países Nórdicos;Dato base;2020M05;0
Países Nórdicos;Dato base;2020M04;0
Países Nórdicos;Dato base;2020M03;166.244
Países Nórdicos;Dato base;2020M02;396.370
Países Nórdicos;Dato base;2020M01;340.509
Países Nórdicos;Dato base;2019M12;364.141
Países Nórdicos;Dato base;2019M11;424.650
Países Nórdicos;Dato base;2019M10;562.666
Países Nórdicos;Dato base;2019M09;480.401
Países Nórdicos;Dato base;2019M08;391.171
Países Nórdicos;Dato base;2019M07;662.151
Países Nórdicos;Dato base;2019M06;497.735
Países Nórdicos;Dato base;2019M05;431.764
Países Nórdicos;Dato base;2019M04;450.295
Países Nórdicos;Dato base;2019M03;493.878
Países Nórdicos;Dato base;2019M02;392.980
Países Nórdicos;Dato base;2019M01;378.280
Países Nórdicos;Dato base;2018M12;374.348
Países Nórdicos;Dato base;2018M11;409.266
Países Nórdicos;Dato base;2018M10;556.384
Países Nórdicos;Dato base;2018M09;467.916
Países Nórdicos;Dato base;2018M08;398.674
Países Nórdicos;Dato base;2018M07;765.737
Países Nórdicos;Dato base;2018M06;541.184
Países Nórdicos;Dato base;2018M05;475.760
Países Nórdicos;Dato base;2018M04;463.226
Países Nórdicos;Dato base;2018M03;504.352
Países Nórdicos;Dato base;2018M02;420.378
Países Nórdicos;Dato base;2018M01;426.310
Portugal;Dato base;2022M12;196.106
Portugal;Dato base;2022M11;125.165
Portugal;Dato base;2022M10;162.431
Portugal;Dato base;2022M09;259.647
Portugal;Dato base;2022M08;436.687
Portugal;Dato base;2022M07;302.240
Portugal;Dato base;2022M06;234.782
Portugal;Dato base;2022M05;149.129
Portugal;Dato base;2022M04;206.044
Portugal;Dato base;2022M03;120.769
Portugal;Dato base;2022M02;130.212
Portugal;Dato base;2022M01;92.724
Portugal;Dato base;2021M12;95.354
Portugal;Dato base;2021M11;114.682
Portugal;Dato base;2021M10;146.084
Portugal;Dato base;2021M09;173.206
Portugal;Dato base;2021M08;254.475
Portugal;Dato base;2021M07;149.583
Portugal;Dato base;2021M06;105.021
Portugal;Dato base;2021M05;59.443
Portugal;Dato base;2021M04;24.369
Portugal;Dato base;2021M03;22.783
Portugal;Dato base;2021M02;19.887
Portugal;Dato base;2021M01;28.762
Portugal;Dato base;2020M12;32.978
Portugal;Dato base;2020M11;26.201
Portugal;Dato base;2020M10;43.784
Portugal;Dato base;2020M09;70.442
Portugal;Dato base;2020M08;111.022
Portugal;Dato base;2020M07;90.284
Portugal;Dato base;2020M06;.
Portugal;Dato base;2020M05;0
Portugal;Dato base;2020M04;0
Portugal;Dato base;2020M03;68.710
Portugal;Dato base;2020M02;181.813
Portugal;Dato base;2020M01;129.995
Portugal;Dato base;2019M12;136.294
Portugal;Dato base;2019M11;123.350
Portugal;Dato base;2019M10;174.778
Portugal;Dato base;2019M09;256.227
Portugal;Dato base;2019M08;389.692
Portugal;Dato base;2019M07;256.503
Portugal;Dato base;2019M06;229.556
Portugal;Dato base;2019M05;159.476
Portugal;Dato base;2019M04;231.213
Portugal;Dato base;2019M03;184.721
Portugal;Dato base;2019M02;145.289
Portugal;Dato base;2019M01;141.690
Portugal;Dato base;2018M12;149.171
Portugal;Dato base;2018M11;161.192
Portugal;Dato base;2018M10;185.346
Portugal;Dato base;2018M09;239.695
Portugal;Dato base;2018M08;375.260
Portugal;Dato base;2018M07;263.732
Portugal;Dato base;2018M06;197.373
Portugal;Dato base;2018M05;161.734
Portugal;Dato base;2018M04;200.992
Portugal;Dato base;2018M03;150.281
Portugal;Dato base;2018M02;143.291
Portugal;Dato base;2018M01;116.255
Reino Unido;Dato base;2022M12;764.766
Reino Unido;Dato base;2022M11;826.874
Reino Unido;Dato base;2022M10;1.525.460
Reino Unido;Dato base;2022M09;1.794.754
Reino Unido;Dato base;2022M08;1.840.664
Reino Unido;Dato base;2022M07;1.893.450
Reino Unido;Dato base;2022M06;1.809.242
Reino Unido;Dato base;2022M05;1.651.886
Reino Unido;Dato base;2022M04;1.245.117
Reino Unido;Dato base;2022M03;826.572
Reino Unido;Dato base;2022M02;578.598
Reino Unido;Dato base;2022M01;364.528
Reino Unido;Dato base;2021M12;415.656
Reino Unido;Dato base;2021M11;598.624
Reino Unido;Dato base;2021M10;957.025
Reino Unido;Dato base;2021M09;788.194
Reino Unido;Dato base;2021M08;714.013
Reino Unido;Dato base;2021M07;554.277
Reino Unido;Dato base;2021M06;142.482
Reino Unido;Dato base;2021M05;51.128
Reino Unido;Dato base;2021M04;23.860
Reino Unido;Dato base;2021M03;19.748
Reino Unido;Dato base;2021M02;14.367
Reino Unido;Dato base;2021M01;23.260
Reino Unido;Dato base;2020M12;109.320
Reino Unido;Dato base;2020M11;85.351
Reino Unido;Dato base;2020M10;148.009
Reino Unido;Dato base;2020M09;162.489
Reino Unido;Dato base;2020M08;254.236
Reino Unido;Dato base;2020M07;379.039
Reino Unido;Dato base;2020M06;9.436
Reino Unido;Dato base;2020M05;0
Reino Unido;Dato base;2020M04;0
Reino Unido;Dato base;2020M03;399.515
Reino Unido;Dato base;2020M02;888.521
Reino Unido;Dato base;2020M01;714.288
Reino Unido;Dato base;2019M12;786.044
Reino Unido;Dato base;2019M11;872.392
Reino Unido;Dato base;2019M10;1.643.636
Reino Unido;Dato base;2019M09;2.094.377
Reino Unido;Dato base;2019M08;2.172.298
Reino Unido;Dato base;2019M07;2.154.808
Reino Unido;Dato base;2019M06;2.074.006
Reino Unido;Dato base;2019M05;1.950.529
Reino Unido;Dato base;2019M04;1.461.671
Reino Unido;Dato base;2019M03;1.109.683
Reino Unido;Dato base;2019M02;885.676
Reino Unido;Dato base;2019M01;807.362
Reino Unido;Dato base;2018M12;856.447
Reino Unido;Dato base;2018M11;934.572
Reino Unido;Dato base;2018M10;1.732.143
Reino Unido;Dato base;2018M09;2.110.577
Reino Unido;Dato base;2018M08;2.248.604
Reino Unido;Dato base;2018M07;2.214.662
Reino Unido;Dato base;2018M06;2.173.824
Reino Unido;Dato base;2018M05;1.983.454
Reino Unido;Dato base;2018M04;1.422.435
Reino Unido;Dato base;2018M03;1.184.251
Reino Unido;Dato base;2018M02;863.704
Reino Unido;Dato base;2018M01;799.284
Rusia;Dato base;2022M12;""
Rusia;Dato base;2022M11;""
Rusia;Dato base;2022M10;""
Rusia;Dato base;2022M09;""
Rusia;Dato base;2022M08;""
Rusia;Dato base;2022M07;""
Rusia;Dato base;2022M06;""
Rusia;Dato base;2022M05;""
Rusia;Dato base;2022M04;""
Rusia;Dato base;2022M03;.
Rusia;Dato base;2022M02;12.965
Rusia;Dato base;2022M01;18.563
Rusia;Dato base;2021M12;15.886
Rusia;Dato base;2021M11;13.739
Rusia;Dato base;2021M10;20.385
Rusia;Dato base;2021M09;21.095
Rusia;Dato base;2021M08;14.802
Rusia;Dato base;2021M07;19.276
Rusia;Dato base;2021M06;11.480
Rusia;Dato base;2021M05;4.374
Rusia;Dato base;2021M04;.
Rusia;Dato base;2021M03;4.260
Rusia;Dato base;2021M02;2.532
Rusia;Dato base;2021M01;3.353
Rusia;Dato base;2020M12;3.882
Rusia;Dato base;2020M11;2.426
Rusia;Dato base;2020M10;4.563
Rusia;Dato base;2020M09;4.000
Rusia;Dato base;2020M08;.
Rusia;Dato base;2020M07;.
Rusia;Dato base;2020M06;.
Rusia;Dato base;2020M05;0
Rusia;Dato base;2020M04;0
Rusia;Dato base;2020M03;21.724
Rusia;Dato base;2020M02;46.340
Rusia;Dato base;2020M01;63.712
Rusia;Dato base;2019M12;52.703
Rusia;Dato base;2019M11;53.368
Rusia;Dato base;2019M10;104.958
Rusia;Dato base;2019M09;165.380
Rusia;Dato base;2019M08;177.019
Rusia;Dato base;2019M07;183.441
Rusia;Dato base;2019M06;182.043
Rusia;Dato base;2019M05;123.984
Rusia;Dato base;2019M04;83.726
Rusia;Dato base;2019M03;70.851
Rusia;Dato base;2019M02;49.956
Rusia;Dato base;2019M01;66.650
Rusia;Dato base;2018M12;60.591
Rusia;Dato base;2018M11;53.863
Rusia;Dato base;2018M10;90.668
Rusia;Dato base;2018M09;164.321
Rusia;Dato base;2018M08;176.076
Rusia;Dato base;2018M07;174.914
Rusia;Dato base;2018M06;170.552
Rusia;Dato base;2018M05;91.104
Rusia;Dato base;2018M04;73.575
Rusia;Dato base;2018M03;55.937
Rusia;Dato base;2018M02;47.935
Rusia;Dato base;2018M01;67.994
Suiza;Dato base;2022M12;75.126
Suiza;Dato base;2022M11;81.883
Suiza;Dato base;2022M10;222.471
Suiza;Dato base;2022M09;169.936
Suiza;Dato base;2022M08;168.263
Suiza;Dato base;2022M07;235.727
Suiza;Dato base;2022M06;153.173
Suiza;Dato base;2022M05;157.008
Suiza;Dato base;2022M04;177.137
Suiza;Dato base;2022M03;82.987
Suiza;Dato base;2022M02;70.929
Suiza;Dato base;2022M01;60.093
Suiza;Dato base;2021M12;59.506
Suiza;Dato base;2021M11;66.664
Suiza;Dato base;2021M10;188.883
Suiza;Dato base;2021M09;119.944
Suiza;Dato base;2021M08;143.186
Suiza;Dato base;2021M07;156.790
Suiza;Dato base;2021M06;73.006
Suiza;Dato base;2021M05;64.866
Suiza;Dato base;2021M04;38.362
Suiza;Dato base;2021M03;12.352
Suiza;Dato base;2021M02;6.673
Suiza;Dato base;2021M01;15.477
Suiza;Dato base;2020M12;17.206
Suiza;Dato base;2020M11;12.990
Suiza;Dato base;2020M10;15.290
Suiza;Dato base;2020M09;17.860
Suiza;Dato base;2020M08;47.293
Suiza;Dato base;2020M07;82.714
Suiza;Dato base;2020M06;3.970
Suiza;Dato base;2020M05;0
Suiza;Dato base;2020M04;0
Suiza;Dato base;2020M03;37.985
Suiza;Dato base;2020M02;85.426
Suiza;Dato base;2020M01;76.339
Suiza;Dato base;2019M12;88.968
Suiza;Dato base;2019M11;91.331
Suiza;Dato base;2019M10;210.047
Suiza;Dato base;2019M09;199.550
Suiza;Dato base;2019M08;196.316
Suiza;Dato base;2019M07;247.378
Suiza;Dato base;2019M06;190.718
Suiza;Dato base;2019M05;131.098
Suiza;Dato base;2019M04;175.457
Suiza;Dato base;2019M03;114.059
Suiza;Dato base;2019M02;88.945
Suiza;Dato base;2019M01;78.000
Suiza;Dato base;2018M12;96.415
Suiza;Dato base;2018M11;106.684
Suiza;Dato base;2018M10;200.112
Suiza;Dato base;2018M09;211.919
Suiza;Dato base;2018M08;179.311
Suiza;Dato base;2018M07;273.581
Suiza;Dato base;2018M06;159.264
Suiza;Dato base;2018M05;191.905
Suiza;Dato base;2018M04;176.900
Suiza;Dato base;2018M03;108.945
Suiza;Dato base;2018M02;85.915
Suiza;Dato base;2018M01;92.196
Estados Unidos de América;Dato base;2022M12;171.374
Estados Unidos de América;Dato base;2022M11;200.787
Estados Unidos de América;Dato base;2022M10;316.276
Estados Unidos de América;Dato base;2022M09;337.593
Estados Unidos de América;Dato base;2022M08;223.790
Estados Unidos de América;Dato base;2022M07;364.025
Estados Unidos de América;Dato base;2022M06;385.447
Estados Unidos de América;Dato base;2022M05;314.776
Estados Unidos de América;Dato base;2022M04;198.897
Estados Unidos de América;Dato base;2022M03;150.458
Estados Unidos de América;Dato base;2022M02;69.157
Estados Unidos de América;Dato base;2022M01;68.894
Estados Unidos de América;Dato base;2021M12;97.848
Estados Unidos de América;Dato base;2021M11;109.874
Estados Unidos de América;Dato base;2021M10;131.656
Estados Unidos de América;Dato base;2021M09;140.884
Estados Unidos de América;Dato base;2021M08;113.549
Estados Unidos de América;Dato base;2021M07;121.228
Estados Unidos de América;Dato base;2021M06;41.616
Estados Unidos de América;Dato base;2021M05;14.769
Estados Unidos de América;Dato base;2021M04;7.726
Estados Unidos de América;Dato base;2021M03;7.188
Estados Unidos de América;Dato base;2021M02;5.417
Estados Unidos de América;Dato base;2021M01;6.087
Estados Unidos de América;Dato base;2020M12;7.150
Estados Unidos de América;Dato base;2020M11;4.752
Estados Unidos de América;Dato base;2020M10;8.450
Estados Unidos de América;Dato base;2020M09;9.849
Estados Unidos de América;Dato base;2020M08;12.656
Estados Unidos de América;Dato base;2020M07;15.117
Estados Unidos de América;Dato base;2020M06;.
Estados Unidos de América;Dato base;2020M05;0
Estados Unidos de América;Dato base;2020M04;0
Estados Unidos de América;Dato base;2020M03;78.643
Estados Unidos de América;Dato base;2020M02;124.813
Estados Unidos de América;Dato base;2020M01;142.008
Estados Unidos de América;Dato base;2019M12;174.682
Estados Unidos de América;Dato base;2019M11;217.435
Estados Unidos de América;Dato base;2019M10;304.838
Estados Unidos de América;Dato base;2019M09;363.472
Estados Unidos de América;Dato base;2019M08;274.194
Estados Unidos de América;Dato base;2019M07;424.512
Estados Unidos de América;Dato base;2019M06;434.190
Estados Unidos de América;Dato base;2019M05;344.081
Estados Unidos de América;Dato base;2019M04;258.668
Estados Unidos de América;Dato base;2019M03;245.642
Estados Unidos de América;Dato base;2019M02;134.549
Estados Unidos de América;Dato base;2019M01;148.607
Estados Unidos de América;Dato base;2018M12;165.259
Estados Unidos de América;Dato base;2018M11;186.385
Estados Unidos de América;Dato base;2018M10;303.563
Estados Unidos de América;Dato base;2018M09;309.146
Estados Unidos de América;Dato base;2018M08;252.804
Estados Unidos de América;Dato base;2018M07;358.464
Estados Unidos de América;Dato base;2018M06;397.104
Estados Unidos de América;Dato base;2018M05;318.279
Estados Unidos de América;Dato base;2018M04;231.626
Estados Unidos de América;Dato base;2018M03;206.825
Estados Unidos de América;Dato base;2018M02;111.260
Estados Unidos de América;Dato base;2018M01;118.772
